id,lat_start,lon_start,id_end,lat_end,lon_end
9451650039,37.8824218,-122.2615756,269301299,37.8824219,-122.2616571
269301299,37.8824219,-122.2616571,258757144,37.8824236,-122.2616781
258757144,37.8824236,-122.2616781,269301298,37.8825192,-122.2619316
269301298,37.8825192,-122.2619316,59794874,37.882542,-122.2620279
59794874,37.882542,-122.2620279,10777610352,37.8825353,-122.2621538
10777610352,37.8825353,-122.2621538,59794870,37.882518,-122.2622948
59794870,37.882518,-122.2622948,10777610365,37.8824993,-122.2623731
10777610365,37.8824993,-122.2623731,269301296,37.8824795,-122.2624456
269301296,37.8824795,-122.2624456,53026097,37.8824135,-122.262548
53026097,37.8824135,-122.262548,10777610355,37.8823947,-122.2625691
10777610355,37.8823947,-122.2625691,269301281,37.8823658,-122.2625939
269301281,37.8823658,-122.2625939,10777610353,37.8823233,-122.2626192
10777610353,37.8823233,-122.2626192,59794891,37.8822794,-122.2626338
59794891,37.8822794,-122.2626338,311403489,37.8821777,-122.2626499
311403489,37.8821777,-122.2626499,10777610364,37.8819626,-122.2626454
10777610364,37.8819626,-122.2626454,4295642354,37.8817471,-122.2626362
4295642354,37.8817471,-122.2626362,269301291,37.8813322,-122.2626037
269301291,37.8813322,-122.2626037,4295642352,37.8811736,-122.2625854
4295642352,37.8811736,-122.2625854,10777610370,37.8811475,-122.26258
53059204,37.883429,-122.2635077,53059205,37.8833855,-122.2633361
53059205,37.8833855,-122.2633361,792213527,37.8833525,-122.2632632
792213527,37.8833525,-122.2632632,258757140,37.8833163,-122.2632206
258757140,37.8833163,-122.2632206,792213624,37.8832743,-122.2632082
792213624,37.8832743,-122.2632082,239527328,37.8832211,-122.2632171
239527328,37.8832211,-122.2632171,56006306,37.8828473,-122.2633278
56006306,37.8828473,-122.2633278,311403800,37.8827628,-122.2633479
311403800,37.8827628,-122.2633479,311403802,37.8826759,-122.2633441
311403802,37.8826759,-122.2633441,59794842,37.8825849,-122.2633203
59794842,37.8825849,-122.2633203,269301272,37.8824477,-122.2632433
269301272,37.8824477,-122.2632433,53044398,37.8823787,-122.2632373
53044398,37.8823787,-122.2632373,269301276,37.8823348,-122.263258
269301276,37.8823348,-122.263258,239527321,37.8823009,-122.2633038
239527321,37.8823009,-122.2633038,59794840,37.882243,-122.2634805
59794840,37.882243,-122.2634805,258757142,37.8821996,-122.2636198
258757142,37.8821996,-122.2636198,10696546913,37.8821728,-122.2636643
10696546913,37.8821728,-122.2636643,339928537,37.8821412,-122.2637061
339928537,37.8821412,-122.2637061,53059192,37.8820538,-122.2637711
53059192,37.8820538,-122.2637711,258757141,37.8820046,-122.2637779
258757141,37.8820046,-122.2637779,339928536,37.8819504,-122.2637801
339928536,37.8819504,-122.2637801,339928539,37.8810267,-122.2636759
339928539,37.8810267,-122.2636759,53059193,37.8809519,-122.263679
53059193,37.8809519,-122.263679,4295642347,37.8808871,-122.2636837
4295642347,37.8808871,-122.2636837,339928538,37.8808442,-122.2636862
339928538,37.8808442,-122.2636862,8943317121,37.8799198,-122.2635826
8943317121,37.8799198,-122.2635826,10696546911,37.8792321,-122.2635135
10696546911,37.8792321,-122.2635135,4294292351,37.8792164,-122.2635119
4294292351,37.8792164,-122.2635119,53059195,37.879152,-122.2635035
53059197,37.8792102,-122.2630642,11865812619,37.8791459,-122.263052
11865812619,37.8791459,-122.263052,10711420926,37.8791367,-122.2630502
10711420926,37.8791367,-122.2630502,2297686121,37.8784486,-122.262902
2297686121,37.8784486,-122.262902,4294292341,37.8784356,-122.2628994
4294292341,37.8784356,-122.2628994,53059198,37.8783692,-122.2628852
53059198,37.8783692,-122.2628852,4294292338,37.8783095,-122.2628725
4294292338,37.8783095,-122.2628725,2297686118,37.878293,-122.262869
2297686118,37.878293,-122.262869,5483072345,37.877754,-122.262757
5483072345,37.877754,-122.262757,8417814503,37.8776162,-122.2627282
8417814503,37.8776162,-122.2627282,53059199,37.8775293,-122.2627103
53059199,37.8775293,-122.2627103,8417814504,37.8774448,-122.2626921
8417814504,37.8774448,-122.2626921,4616420905,37.8771654,-122.2626337
4616420905,37.8771654,-122.2626337,532751352,37.8770496,-122.2626093
532751352,37.8770496,-122.2626093,8417814508,37.8763907,-122.2624697
8417814508,37.8763907,-122.2624697,339928551,37.8763589,-122.262463
339928551,37.8763589,-122.262463,2010214253,37.876276,-122.2624316
53062885,37.8781797,-122.2643745,8417814497,37.8781933,-122.2642673
8417814497,37.8781933,-122.2642673,4294292339,37.8783589,-122.262966
4294292339,37.8783589,-122.262966,53059198,37.8783692,-122.2628852
53059198,37.8783692,-122.2628852,4294292340,37.8783793,-122.2628069
4294292340,37.8783793,-122.2628069,9489520632,37.8786137,-122.2609902
9489520632,37.8786137,-122.2609902,4294292343,37.8786171,-122.260964
4294292343,37.8786171,-122.260964,53062886,37.8786272,-122.2608871
53062886,37.8786272,-122.2608871,4294292344,37.878637,-122.2608084
4294292344,37.878637,-122.2608084,9489520633,37.878639,-122.2607931
9489520633,37.878639,-122.2607931,53062887,37.8788656,-122.2590596
53062887,37.8788656,-122.2590596,53062889,37.8789769,-122.2582088
53081605,37.8800057,-122.2614068,10777610339,37.8800086,-122.2613569
10777610339,37.8800086,-122.2613569,10777610343,37.8800098,-122.2613361
10777610343,37.8800098,-122.2613361,407681501,37.8800101,-122.2613302
407681501,37.8800101,-122.2613302,339928532,37.8799975,-122.2612448
339928532,37.8799975,-122.2612448,339928533,37.8799392,-122.2609726
339928533,37.8799392,-122.2609726,407681504,37.8799335,-122.2608531
407681504,37.8799335,-122.2608531,4295642335,37.8799416,-122.2604947
4295642335,37.8799416,-122.2604947,53081606,37.8799227,-122.2603313
2327822491,37.8745901,-122.2639232,339928545,37.8746905,-122.2638397
339928545,37.8746905,-122.2638397,4294292312,37.8747258,-122.2638266
4294292312,37.8747258,-122.2638266,231029119,37.8747633,-122.2638003
231029119,37.8747633,-122.2638003,2010268535,37.8757955,-122.2628697
2010268535,37.8757955,-122.2628697,8417814507,37.8761444,-122.2625524
8417814507,37.8761444,-122.2625524,2010214231,37.876168,-122.2625311
2010214231,37.876168,-122.2625311,2010214253,37.876276,-122.2624316
2010214253,37.876276,-122.2624316,2010214229,37.8763861,-122.2623334
2010214229,37.8763861,-122.2623334,8417814509,37.8764079,-122.2623125
8417814509,37.8764079,-122.2623125,339928557,37.8765785,-122.262152
339928557,37.8765785,-122.262152,53107078,37.8766776,-122.2620425
53107078,37.8766776,-122.2620425,59794899,37.8767529,-122.2619058
59794899,37.8767529,-122.2619058,249237386,37.8767938,-122.2617398
249237386,37.8767938,-122.2617398,1954704140,37.876921,-122.2607736
1954704140,37.876921,-122.2607736,4294292321,37.8769406,-122.2606283
4294292321,37.8769406,-122.2606283,53107080,37.8769518,-122.2605419
53107080,37.8769518,-122.2605419,4294292322,37.8769626,-122.260458
4294292322,37.8769626,-122.260458,1954561464,37.8770422,-122.2598524
1954561464,37.8770422,-122.2598524,1954579342,37.8770906,-122.2594845
1954579342,37.8770906,-122.2594845,4294292327,37.8771839,-122.2587745
4294292327,37.8771839,-122.2587745,53107081,37.8771936,-122.2587108
53107081,37.8771936,-122.2587108,4294292328,37.8772025,-122.2586418
4294292328,37.8772025,-122.2586418,239501147,37.8772364,-122.2583513
53056547,37.884432,-122.2652492,10696546959,37.8843786,-122.265243
10696546959,37.8843786,-122.265243,53082169,37.8830196,-122.2650855
53082169,37.8830196,-122.2650855,53082211,37.8826247,-122.2650352
53082211,37.8826247,-122.2650352,414247032,37.8824792,-122.2650174
414247032,37.8824792,-122.2650174,414246942,37.8822204,-122.2649877
414246942,37.8822204,-122.2649877,414246849,37.8820118,-122.2649637
414246849,37.8820118,-122.2649637,8417814487,37.8808893,-122.2648429
8417814487,37.8808893,-122.2648429,8417814491,37.8808722,-122.2648409
8417814491,37.8808722,-122.2648409,53146430,37.8808075,-122.2648333
53146430,37.8808075,-122.2648333,8417814493,37.880747,-122.2648263
8417814493,37.880747,-122.2648263,8417814489,37.8807283,-122.2648242
8417814489,37.8807283,-122.2648242,2976013638,37.8805388,-122.2647999
2976013638,37.8805388,-122.2647999,5483072348,37.8797876,-122.2647165
5483072348,37.8797876,-122.2647165,5483072350,37.8796077,-122.2646965
5483072350,37.8796077,-122.2646965,5483072354,37.879576,-122.264693
5483072354,37.879576,-122.264693,8417814495,37.8790804,-122.264638
8417814495,37.8790804,-122.264638,11865812615,37.8790742,-122.2646374
11865812615,37.8790742,-122.2646374,53149260,37.8790059,-122.2646302
53147192,37.8865707,-122.2623738,4295642367,37.8864734,-122.2624005
4295642367,37.8864734,-122.2624005,6975590864,37.8864401,-122.2624096
6975590864,37.8864401,-122.2624096,262257195,37.8863182,-122.2624412
262257195,37.8863182,-122.2624412,6975590863,37.8862835,-122.2624503
6975590863,37.8862835,-122.2624503,354687122,37.88622,-122.2624671
354687122,37.88622,-122.2624671,339928423,37.8860531,-122.2625121
339928423,37.8860531,-122.2625121,339928424,37.8857975,-122.2625772
339928424,37.8857975,-122.2625772,4295642362,37.8855719,-122.2626428
4295642362,37.8855719,-122.2626428,262257197,37.8855118,-122.262659
262257197,37.8855118,-122.262659,262257220,37.8852076,-122.262742
262257220,37.8852076,-122.262742,6342662129,37.8851597,-122.2627551
6342662129,37.8851597,-122.2627551,53149314,37.8850243,-122.2627893
53149314,37.8850243,-122.2627893,10777610269,37.8849579,-122.2628053
10777610269,37.8849579,-122.2628053,59794877,37.8848911,-122.2628148
59794877,37.8848911,-122.2628148,59794880,37.8847528,-122.2628178
59794880,37.8847528,-122.2628178,10777610270,37.8846845,-122.2628164
10777610270,37.8846845,-122.2628164,311402996,37.8846163,-122.262803
311402996,37.8846163,-122.262803,10777610271,37.88453,-122.2627855
10777610271,37.88453,-122.2627855,339928425,37.8844462,-122.2627602
339928425,37.8844462,-122.2627602,6975590843,37.8844117,-122.2627447
6975590843,37.8844117,-122.2627447,4295642361,37.8843938,-122.2627364
4295642361,37.8843938,-122.2627364,6975590844,37.8843668,-122.2627239
6975590844,37.8843668,-122.2627239,53147299,37.8843371,-122.2627101
53147299,37.8843371,-122.2627101,10777610277,37.8842791,-122.2626796
10777610277,37.8842791,-122.2626796,262257196,37.8842224,-122.2626382
262257196,37.8842224,-122.2626382,792213630,37.8841021,-122.2625366
792213630,37.8841021,-122.2625366,7707998648,37.8834238,-122.2619393
7707998648,37.8834238,-122.2619393,53119366,37.883355,-122.2618809
53119366,37.883355,-122.2618809,7914964758,37.8832584,-122.2618058
7914964758,37.8832584,-122.2618058,6975590845,37.8831431,-122.2617117
6975590845,37.8831431,-122.2617117,53100225,37.883102,-122.2616749
53100225,37.883102,-122.2616749,6975590846,37.8830889,-122.2616655
6975590846,37.8830889,-122.2616655,269301315,37.8830641,-122.2616553
269301315,37.8830641,-122.2616553,258757145,37.8830274,-122.2616466
258757145,37.8830274,-122.2616466,317112357,37.8829549,-122.2616336
317112357,37.8829549,-122.2616336,280430156,37.8826648,-122.2616009
280430156,37.8826648,-122.2616009,10777610299,37.8825169,-122.261586
10777610299,37.8825169,-122.261586,9451650039,37.8824218,-122.2615756
9451650039,37.8824218,-122.2615756,10777610301,37.8823833,-122.2615711
10777610301,37.8823833,-122.2615711,10777610303,37.8823656,-122.261569
10777610303,37.8823656,-122.261569,9451650041,37.8819473,-122.2615257
9451650041,37.8819473,-122.2615257,4295642355,37.8818866,-122.2615194
4295642355,37.8818866,-122.2615194,6975590857,37.8817294,-122.2615032
6975590857,37.8817294,-122.2615032,10777610311,37.8815864,-122.2614889
10777610311,37.8815864,-122.2614889,6975590856,37.8812496,-122.2614525
6975590856,37.8812496,-122.2614525,53077480,37.8812436,-122.2614523
53077480,37.8812436,-122.2614523,10777610315,37.88111,-122.2614457
10777610315,37.88111,-122.2614457,239527371,37.8809764,-122.2614483
239527371,37.8809764,-122.2614483,269301292,37.8808944,-122.2614642
269301292,37.8808944,-122.2614642,269301293,37.880764,-122.2615012
269301293,37.880764,-122.2615012,4295642345,37.8807048,-122.2615156
4295642345,37.8807048,-122.2615156,59794883,37.8806637,-122.261521
59794883,37.8806637,-122.261521,6975590858,37.8806177,-122.2615238
6975590858,37.8806177,-122.2615238,4295642340,37.880502,-122.2615181
4295642340,37.880502,-122.2615181,53080870,37.8804469,-122.2615056
53080870,37.8804469,-122.2615056,269301300,37.8801532,-122.2614348
269301300,37.8801532,-122.2614348,10777610331,37.8800267,-122.2614108
10777610331,37.8800267,-122.2614108,53081605,37.8800057,-122.2614068
53081605,37.8800057,-122.2614068,10777610329,37.8799352,-122.2613881
10777610329,37.8799352,-122.2613881,10777610351,37.8799237,-122.2613851
10777610351,37.8799237,-122.2613851,239511788,37.8798417,-122.2613569
239511788,37.8798417,-122.2613569,407681502,37.8797591,-122.2613088
407681502,37.8797591,-122.2613088,339928534,37.8797169,-122.2612758
339928534,37.8797169,-122.2612758,6975590859,37.8795997,-122.2611668
6975590859,37.8795997,-122.2611668,4294292355,37.8795237,-122.2611084
4294292355,37.8795237,-122.2611084,53149317,37.8794662,-122.2610731
239511799,37.8803175,-122.2601713,239511805,37.8802898,-122.260081
239511805,37.8802898,-122.260081,339928525,37.8802986,-122.2599811
339928525,37.8802986,-122.2599811,53157265,37.8803241,-122.2598715
53157265,37.8803241,-122.2598715,11085046502,37.8804446,-122.2595402
11085046502,37.8804446,-122.2595402,317112684,37.8805545,-122.2592382
317112684,37.8805545,-122.2592382,239511794,37.8805664,-122.2591598
239511794,37.8805664,-122.2591598,317112679,37.8805588,-122.259076
317112679,37.8805588,-122.259076,317112680,37.8805325,-122.2590014
317112680,37.8805325,-122.2590014,59805943,37.8804977,-122.2589598
59794830,37.8790258,-122.264471,11865812613,37.8789636,-122.2644646
11865812613,37.8789636,-122.2644646,8417814496,37.8789485,-122.264463
8417814496,37.8789485,-122.264463,7916648132,37.8782506,-122.2643821
7916648132,37.8782506,-122.2643821,53062885,37.8781797,-122.2643745
53062885,37.8781797,-122.2643745,8417814499,37.8778329,-122.264335
8417814499,37.8778329,-122.264335,239511746,37.8775835,-122.2643075
53082209,37.8823335,-122.26729,4238980123,37.8822716,-122.2672814
4238980123,37.8822716,-122.2672814,6975320846,37.8821223,-122.2672631
6975320846,37.8821223,-122.2672631,6975320847,37.8820919,-122.2672597
6975320847,37.8820919,-122.2672597,5483072368,37.8818884,-122.267237
5483072368,37.8818884,-122.267237,4238980098,37.8805788,-122.2670905
4238980098,37.8805788,-122.2670905,53115327,37.8805156,-122.2670835
53115327,37.8805156,-122.2670835,4238980095,37.8804487,-122.2670757
4238980095,37.8804487,-122.2670757,6937913017,37.8803608,-122.2670655
6937913017,37.8803608,-122.2670655,6937913016,37.8803307,-122.2670621
6937913016,37.8803307,-122.2670621,5483072362,37.8797619,-122.2669963
5483072362,37.8797619,-122.2669963,5483072365,37.8794143,-122.2669559
5483072365,37.8794143,-122.2669559,4188788140,37.87878,-122.2668824
4188788140,37.87878,-122.2668824,53115329,37.8787099,-122.2668745
53115329,37.8787099,-122.2668745,4188788126,37.87864,-122.2668671
4188788126,37.87864,-122.2668671,6937913014,37.87863,-122.266866
6937913014,37.87863,-122.266866,6937913015,37.8784505,-122.2668455
6937913015,37.8784505,-122.2668455,2196215671,37.8784335,-122.2668436
2196215671,37.8784335,-122.2668436,5483072358,37.8773233,-122.2667172
5483072358,37.8773233,-122.2667172,5483072361,37.8772131,-122.2667047
5483072361,37.8772131,-122.2667047,4188788133,37.8769532,-122.2666751
4188788133,37.8769532,-122.2666751,53091870,37.8768891,-122.2666699
53091870,37.8768891,-122.2666699,4188788110,37.8768179,-122.2666641
4188788110,37.8768179,-122.2666641,6937913013,37.8767673,-122.26666
6937913013,37.8767673,-122.26666,6937913012,37.8764343,-122.2666229
6937913012,37.8764343,-122.2666229,5483224062,37.8760227,-122.2665783
5483224062,37.8760227,-122.2665783,532751136,37.8755836,-122.2665287
532751136,37.8755836,-122.2665287,239616684,37.8750666,-122.2664627
239616684,37.8750666,-122.2664627,314077164,37.8746012,-122.2663942
239500944,37.8806674,-122.265907,4295642344,37.8806728,-122.2658608
4295642344,37.8806728,-122.2658608,8417814485,37.8806747,-122.2658447
8417814485,37.8806747,-122.2658447,2976013636,37.8807345,-122.2653754
2976013636,37.8807345,-122.2653754,8417814486,37.8807919,-122.2649502
8417814486,37.8807919,-122.2649502,8417814490,37.8807966,-122.2649152
8417814490,37.8807966,-122.2649152,53146430,37.8808075,-122.2648333
53146430,37.8808075,-122.2648333,8417814492,37.8808186,-122.2647494
8417814492,37.8808186,-122.2647494,8417814488,37.8808218,-122.2647248
8417814488,37.8808218,-122.2647248,8417814494,37.8809415,-122.2638156
8417814494,37.8809415,-122.2638156,53059193,37.8809519,-122.263679
53059193,37.8809519,-122.263679,10696546912,37.8809579,-122.263601
10696546912,37.8809579,-122.263601,269301286,37.880985,-122.2633753
269301286,37.880985,-122.2633753,269301290,37.8810132,-122.2632485
269301290,37.8810132,-122.2632485,269301289,37.881058,-122.2631366
269301289,37.881058,-122.2631366,239527314,37.8810859,-122.2630181
239527314,37.8810859,-122.2630181,239527308,37.8810794,-122.2627528
239527308,37.8810794,-122.2627528,4295642350,37.8810729,-122.2626444
4295642350,37.8810729,-122.2626444,53026098,37.8810814,-122.2625663
239500939,37.8806192,-122.2659555,4295642341,37.8805875,-122.2659518
4295642341,37.8805875,-122.2659518,8417814484,37.880571,-122.2659498
8417814484,37.880571,-122.2659498,2976013633,37.8802442,-122.2659048
2976013633,37.8802442,-122.2659048,5483072366,37.879822,-122.2658633
5483072366,37.879822,-122.2658633,4294292349,37.8789237,-122.2657627
4294292349,37.8789237,-122.2657627,53075887,37.8788598,-122.2657529
239500922,37.8807059,-122.2659658,1762728668,37.8807024,-122.2659838
1762728668,37.8807024,-122.2659838,1706509026,37.8806945,-122.2659993
1706509026,37.8806945,-122.2659993,1762728666,37.880683,-122.2660106
1762728666,37.880683,-122.2660106,1706509025,37.8806691,-122.2660164
1706509025,37.8806691,-122.2660164,239500928,37.8806546,-122.2660162
239500928,37.8806546,-122.2660162,1762728663,37.8806422,-122.2660108
1762728663,37.8806422,-122.2660108,1706509023,37.8806317,-122.266001
1706509023,37.8806317,-122.266001,1762728662,37.8806239,-122.2659877
1762728662,37.8806239,-122.2659877,1762728659,37.8806196,-122.2659721
1762728659,37.8806196,-122.2659721,239500939,37.8806192,-122.2659555
239500939,37.8806192,-122.2659555,1762728660,37.8806228,-122.2659389
1762728660,37.8806228,-122.2659389,1762728661,37.8806304,-122.2659246
1762728661,37.8806304,-122.2659246,1706509024,37.880641,-122.2659138
1706509024,37.880641,-122.2659138,1762728664,37.8806538,-122.2659078
1762728664,37.8806538,-122.2659078,239500944,37.8806674,-122.265907
239500944,37.8806674,-122.265907,1762728665,37.8806802,-122.2659115
1762728665,37.8806802,-122.2659115,1762728667,37.8806913,-122.2659206
1762728667,37.8806913,-122.2659206,1706509027,37.8806998,-122.2659335
1706509027,37.8806998,-122.2659335,1706509028,37.8807048,-122.2659491
1706509028,37.8807048,-122.2659491,239500922,37.8807059,-122.2659658
53075888,37.8774548,-122.2655749,4294292331,37.8775347,-122.2654947
4294292331,37.8775347,-122.2654947,339928541,37.8775746,-122.265442
339928541,37.8775746,-122.265442,2196215661,37.8776619,-122.2653011
2196215661,37.8776619,-122.2653011,59794837,37.8777134,-122.2651816
59794837,37.8777134,-122.2651816,239511753,37.8777528,-122.2650334
239511753,37.8777528,-122.2650334,2196215664,37.877762,-122.2649415
2196215664,37.877762,-122.2649415,339928540,37.8777633,-122.264824
339928540,37.8777633,-122.264824,2196215663,37.8777528,-122.2647299
2196215663,37.8777528,-122.2647299,280430367,37.8777368,-122.2646575
280430367,37.8777368,-122.2646575,2196215662,37.8776993,-122.2645408
2196215662,37.8776993,-122.2645408,59794833,37.8776588,-122.264434
59794833,37.8776588,-122.264434,4294292333,37.8776345,-122.2643935
4294292333,37.8776345,-122.2643935,239511746,37.8775835,-122.2643075
53091823,37.8773772,-122.2642848,4294292330,37.8773646,-122.2641258
4294292330,37.8773646,-122.2641258,8417814498,37.8773621,-122.2640941
8417814498,37.8773621,-122.2640941,2196215659,37.8773566,-122.2640256
2196215659,37.8773566,-122.2640256,8417814501,37.8775157,-122.2628132
8417814501,37.8775157,-122.2628132,53059199,37.8775293,-122.2627103
53059199,37.8775293,-122.2627103,8417814502,37.8775414,-122.2626175
8417814502,37.8775414,-122.2626175,5483072340,37.8776857,-122.2615164
5483072340,37.8776857,-122.2615164,4294292335,37.8777806,-122.2607924
4294292335,37.8777806,-122.2607924,53091826,37.8777912,-122.2607118
53075885,37.8824802,-122.2661666,4295642357,37.8824176,-122.2661587
4295642357,37.8824176,-122.2661587,8417814482,37.8807545,-122.2659716
8417814482,37.8807545,-122.2659716,4295642346,37.8807357,-122.2659693
4295642346,37.8807357,-122.2659693,239500922,37.8807059,-122.2659658
263569418,37.8754682,-122.2779998,263569419,37.8754548,-122.2779574
263569419,37.8754548,-122.2779574,263569414,37.875457,-122.2779104
263569414,37.875457,-122.2779104,53040930,37.8755864,-122.2769095
53040930,37.8755864,-122.2769095,53091860,37.8757303,-122.2757833
53091860,37.8757303,-122.2757833,5483224264,37.8758467,-122.2748616
5483224264,37.8758467,-122.2748616,53089415,37.875875,-122.2746507
53089415,37.875875,-122.2746507,2283661454,37.8760038,-122.2736282
2283661454,37.8760038,-122.2736282,4226425316,37.8760067,-122.2736019
4226425316,37.8760067,-122.2736019,53091861,37.8760157,-122.2735227
53091861,37.8760157,-122.2735227,4226425317,37.8760256,-122.2734313
4226425317,37.8760256,-122.2734313,2283661455,37.8760279,-122.2734106
2283661455,37.8760279,-122.2734106,53091864,37.8761671,-122.2723602
53091864,37.8761671,-122.2723602,4238979951,37.8762961,-122.2713207
4238979951,37.8762961,-122.2713207,53091865,37.8763057,-122.271245
53091865,37.8763057,-122.271245,4238979952,37.876318,-122.271147
4238979952,37.876318,-122.271147,5401099322,37.876487,-122.2697943
5401099322,37.876487,-122.2697943,1946206533,37.8765223,-122.2695231
1946206533,37.8765223,-122.2695231,1946206538,37.8765409,-122.26938
1946206538,37.8765409,-122.26938,2880800581,37.8765789,-122.2690878
2880800581,37.8765789,-122.2690878,2281374237,37.8765807,-122.2690748
2281374237,37.8765807,-122.2690748,2880800587,37.8765837,-122.2690529
2880800587,37.8765837,-122.2690529,239617010,37.8765963,-122.2689605
239617010,37.8765963,-122.2689605,53091866,37.8766114,-122.268848
53091866,37.8766114,-122.268848,2880800569,37.8766241,-122.2687534
2880800569,37.8766241,-122.2687534,2281374239,37.8766264,-122.2687363
2281374239,37.8766264,-122.2687363,2880800600,37.8766282,-122.2687235
2880800600,37.8766282,-122.2687235,1909337367,37.8766593,-122.2684406
1909337367,37.8766593,-122.2684406,5483072372,37.8766861,-122.2682336
5483072372,37.8766861,-122.2682336,53091869,37.876741,-122.2678124
53091869,37.876741,-122.2678124,2196215655,37.8768752,-122.2667693
2196215655,37.8768752,-122.2667693,4188788150,37.8768775,-122.2667524
4188788150,37.8768775,-122.2667524,53091870,37.8768891,-122.2666699
53091870,37.8768891,-122.2666699,4188788144,37.876901,-122.2665831
4188788144,37.876901,-122.2665831,2196215656,37.8769033,-122.2665667
2196215656,37.8769033,-122.2665667,2196215657,37.8770107,-122.2657468
2196215657,37.8770107,-122.2657468,4294292325,37.8770184,-122.2657021
4294292325,37.8770184,-122.2657021,53075889,37.8770439,-122.2656197
339928546,37.8768985,-122.2641674,532751378,37.8768642,-122.2641661
532751378,37.8768642,-122.2641661,2010173273,37.8765476,-122.2641312
2010173273,37.8765476,-122.2641312,339928547,37.8764981,-122.2641259
339928547,37.8764981,-122.2641259,339928548,37.8763245,-122.2641058
339928548,37.8763245,-122.2641058,339928549,37.8761775,-122.2640314
339928549,37.8761775,-122.2640314,339928550,37.8760676,-122.2639226
53138900,37.8803676,-122.2682083,4238980093,37.8803785,-122.2681288
4238980093,37.8803785,-122.2681288,2196215691,37.8804554,-122.2675292
2196215691,37.8804554,-122.2675292,4238980096,37.8805044,-122.2671663
4238980096,37.8805044,-122.2671663,53115327,37.8805156,-122.2670835
53115327,37.8805156,-122.2670835,4238980097,37.8805258,-122.2669988
4238980097,37.8805258,-122.2669988,8417814483,37.8806476,-122.2660759
8417814483,37.8806476,-122.2660759,4295642342,37.8806508,-122.2660478
4295642342,37.8806508,-122.2660478,239500928,37.8806546,-122.2660162
53091826,37.8777912,-122.2607118,4294292336,37.8778013,-122.2606329
4294292336,37.8778013,-122.2606329,5483072335,37.8778824,-122.2600037
5483072335,37.8778824,-122.2600037,53091828,37.8780291,-122.2588844
53091828,37.8780291,-122.2588844,239501052,37.8781744,-122.2576945
339928546,37.8768985,-122.2641674,532751350,37.8768888,-122.2641077
532751350,37.8768888,-122.2641077,532751351,37.8769481,-122.2634421
532751351,37.8769481,-122.2634421,11359856605,37.8770415,-122.262676
11359856605,37.8770415,-122.262676,532751352,37.8770496,-122.2626093
53138900,37.8803676,-122.2682083,4238980090,37.8803046,-122.2682002
4238980090,37.8803046,-122.2682002,2681821285,37.879972,-122.268164
2681821285,37.879972,-122.268164,10725133312,37.8791276,-122.2680696
10725133312,37.8791276,-122.2680696,9951841132,37.8786364,-122.2680136
9951841132,37.8786364,-122.2680136,2681821304,37.8786219,-122.2680133
2681821304,37.8786219,-122.2680133,53138903,37.8785571,-122.2680121
53138903,37.8785571,-122.2680121,9951841130,37.8784957,-122.2680108
9951841130,37.8784957,-122.2680108,3147008553,37.8784786,-122.2680104
3147008553,37.8784786,-122.2680104,5483072357,37.8770766,-122.267844
5483072357,37.8770766,-122.267844,9951841136,37.8768131,-122.2678205
9951841136,37.8768131,-122.2678205,53091869,37.876741,-122.2678124
53091869,37.876741,-122.2678124,9951841137,37.8766726,-122.2678048
9951841137,37.8766726,-122.2678048,1410740111,37.8758108,-122.267703
1410740111,37.8758108,-122.267703,1410740119,37.8755402,-122.2676707
1410740119,37.8755402,-122.2676707,4602358364,37.8754272,-122.2676578
4602358364,37.8754272,-122.2676578,53093351,37.8749314,-122.2675987
53093351,37.8749314,-122.2675987,2283661437,37.8741302,-122.2675189
2283661437,37.8741302,-122.2675189,4238979926,37.8741115,-122.2675166
4238979926,37.8741115,-122.2675166,53055194,37.8740086,-122.2675056
239511746,37.8775835,-122.2643075,53091823,37.8773772,-122.2642848
53091823,37.8773772,-122.2642848,8417814500,37.8772224,-122.2642682
8417814500,37.8772224,-122.2642682,262084705,37.8769546,-122.264241
53075888,37.8774548,-122.2655749,2196215660,37.8774055,-122.2655895
2196215660,37.8774055,-122.2655895,262084700,37.877332,-122.2656092
262084700,37.877332,-122.2656092,2196215658,37.8772503,-122.2656252
2196215658,37.8772503,-122.2656252,320401783,37.8771588,-122.2656309
320401783,37.8771588,-122.2656309,53075889,37.8770439,-122.2656197
53075889,37.8770439,-122.2656197,4294292323,37.8769756,-122.2655844
4294292323,37.8769756,-122.2655844,9992040904,37.8769597,-122.2655766
9992040904,37.8769597,-122.2655766,320401784,37.8767333,-122.265479
320401784,37.8767333,-122.265479,59794908,37.8765972,-122.2654378
59794908,37.8765972,-122.2654378,339928543,37.8764276,-122.2654132
339928543,37.8764276,-122.2654132,239511759,37.8762491,-122.265425
239511759,37.8762491,-122.265425,53075890,37.8759301,-122.2655091
53075890,37.8759301,-122.2655091,239511764,37.8758455,-122.2655245
239511764,37.8758455,-122.2655245,3143332574,37.8757225,-122.2655403
3143332574,37.8757225,-122.2655403,339928544,37.8755496,-122.2655315
339928544,37.8755496,-122.2655315,4591463176,37.8753694,-122.265514
4591463176,37.8753694,-122.265514,4592290396,37.8748987,-122.2654631
4592290396,37.8748987,-122.2654631,10711466912,37.8743612,-122.2654101
10711466912,37.8743612,-122.2654101,4188788154,37.8743438,-122.2654084
4188788154,37.8743438,-122.2654084,53055198,37.8742512,-122.2653849
1941701075,37.8772142,-122.2684516,1941701074,37.8771834,-122.2689143
1941701132,37.8784811,-122.2685939,1941701124,37.8783286,-122.268577
1941701124,37.8783286,-122.268577,1941701122,37.8782913,-122.269038
1941701093,37.8777433,-122.2689774,1941701096,37.8777743,-122.2685261
1941701096,37.8777743,-122.2685261,1941701110,37.8779112,-122.2685415
1941701110,37.8779112,-122.2685415,1941701103,37.8778807,-122.2689923
1954704140,37.876921,-122.2607736,1954704141,37.8768366,-122.2607567
1954704141,37.8768366,-122.2607567,1954704139,37.8764971,-122.2606926
1954704139,37.8764971,-122.2606926,1954704147,37.8764473,-122.2606371
1954704147,37.8764473,-122.2606371,1954704137,37.8761736,-122.2605841
1954704137,37.8761736,-122.2605841,1954704136,37.8761582,-122.2605861
1954704136,37.8761582,-122.2605861,1954704134,37.8761456,-122.260596
1954704134,37.8761456,-122.260596,1954704128,37.8761254,-122.26065
1954704128,37.8761254,-122.26065,1954704132,37.8761168,-122.2607345
1954704132,37.8761168,-122.2607345,1954704130,37.8760919,-122.2607494
1954704130,37.8760919,-122.2607494,1954704144,37.8760724,-122.2607545
53075887,37.8788598,-122.2657529,4294292346,37.878791,-122.2657423
4294292346,37.878791,-122.2657423,339928542,37.8776533,-122.2656152
339928542,37.8776533,-122.2656152,4294292332,37.8776328,-122.2656125
4294292332,37.8776328,-122.2656125,53075888,37.8774548,-122.2655749
262084705,37.8769546,-122.264241,2010173291,37.8768979,-122.2642536
2010173291,37.8768979,-122.2642536,262084706,37.8768336,-122.2642534
262084706,37.8768336,-122.2642534,2010173302,37.8765044,-122.2642126
2010173302,37.8765044,-122.2642126,2010173289,37.8757751,-122.2641193
2010173289,37.8757751,-122.2641193,2010173270,37.8757382,-122.2641064
2196215686,37.880076,-122.2674919,9830152713,37.880325,-122.2675164
9830152713,37.880325,-122.2675164,2196215691,37.8804554,-122.2675292
53149260,37.8790059,-122.2646302,4294292350,37.8790155,-122.264551
4294292350,37.8790155,-122.264551,59794830,37.8790258,-122.264471
53149317,37.8794662,-122.2610731,4294292354,37.8794754,-122.2609901
4294292354,37.8794754,-122.2609901,4294455617,37.8797428,-122.2589329
4294455617,37.8797428,-122.2589329,53157267,37.8797555,-122.2588351
53157267,37.8797555,-122.2588351,4294455619,37.879852,-122.2581083
4294455619,37.879852,-122.2581083,4294455620,37.8798643,-122.2579358
2976013633,37.8802442,-122.2659048,9931015159,37.8802545,-122.2657955
9931015159,37.8802545,-122.2657955,4295642336,37.8802648,-122.2656877
4295642336,37.8802648,-122.2656877,4295642337,37.8802745,-122.2656472
4295642337,37.8802745,-122.2656472,2976013634,37.8803086,-122.2652882
2976013634,37.8803086,-122.2652882,2976013635,37.8804729,-122.2653026
2976013636,37.8807345,-122.2653754,2976013637,37.8804912,-122.2653363
2976013637,37.8804912,-122.2653363,2976013635,37.8804729,-122.2653026
2976013635,37.8804729,-122.2653026,2976013638,37.8805388,-122.2647999
3403203770,37.8770364,-122.2687471,3403203771,37.8770516,-122.2685052
3403203771,37.8770516,-122.2685052,1909337367,37.8766593,-122.2684406
4168241885,37.8784601,-122.2687598,1941701132,37.8784811,-122.2685939
1941701132,37.8784811,-122.2685939,4238979973,37.8785465,-122.2680989
4238979973,37.8785465,-122.2680989,53138903,37.8785571,-122.2680121
53138903,37.8785571,-122.2680121,9951841131,37.8785676,-122.2679265
9951841131,37.8785676,-122.2679265,10725133316,37.8786152,-122.2675739
10725133316,37.8786152,-122.2675739,4188788122,37.8786993,-122.2669553
4188788122,37.8786993,-122.2669553,53115329,37.8787099,-122.2668745
53115329,37.8787099,-122.2668745,4188788151,37.878721,-122.2667895
4188788151,37.878721,-122.2667895,2196215681,37.8787735,-122.2663696
2196215681,37.8787735,-122.2663696,4294292347,37.8788497,-122.2658327
4294292347,37.8788497,-122.2658327,53075887,37.8788598,-122.2657529
262084705,37.8769546,-122.264241,4294292320,37.876916,-122.2641972
4294292320,37.876916,-122.2641972,339928546,37.8768985,-122.2641674
407681497,37.8828526,-122.2606905,407681496,37.8827159,-122.2606258
407681496,37.8827159,-122.2606258,53157263,37.8825602,-122.2605418
53157263,37.8825602,-122.2605418,262084219,37.8824378,-122.2605036
262084219,37.8824378,-122.2605036,10777610229,37.8820093,-122.2604633
10777610229,37.8820093,-122.2604633,53026106,37.8819017,-122.2604521
53026106,37.8819017,-122.2604521,7708003327,37.8818428,-122.260446
7708003327,37.8818428,-122.260446,7708003325,37.881829,-122.2604446
7708003325,37.881829,-122.2604446,339928528,37.8810776,-122.2603612
339928528,37.8810776,-122.2603612,10556462165,37.8809324,-122.2603501
10556462165,37.8809324,-122.2603501,53080872,37.880855,-122.2603387
53080870,37.8804469,-122.2615056,4295642339,37.880455,-122.2614398
4295642339,37.880455,-122.2614398,2297665104,37.8804583,-122.2614164
2297665104,37.8804583,-122.2614164,339928531,37.8804798,-122.2612901
339928531,37.8804798,-122.2612901,339928530,37.8805265,-122.2611419
339928530,37.8805265,-122.2611419,280430161,37.8806095,-122.2609841
280430161,37.8806095,-122.2609841,10777610231,37.8806956,-122.2608409
10777610231,37.8806956,-122.2608409,280430163,37.8807405,-122.2607424
280430163,37.8807405,-122.2607424,339928529,37.8807861,-122.2605885
339928529,37.8807861,-122.2605885,10556462164,37.8808316,-122.2604236
10556462164,37.8808316,-122.2604236,53080872,37.880855,-122.2603387
53026098,37.8810814,-122.2625663,10777610410,37.8810473,-122.2625593
10777610410,37.8810473,-122.2625593,10777610367,37.881021,-122.2625539
10777610367,37.881021,-122.2625539,239527284,37.8810103,-122.2625516
239527284,37.8810103,-122.2625516,10777610411,37.8809869,-122.2625471
10777610411,37.8809869,-122.2625471,4295642343,37.88065,-122.262478
4295642343,37.88065,-122.262478,239527297,37.8802984,-122.2624555
239527297,37.8802984,-122.2624555,239527271,37.8799203,-122.2624299
239527271,37.8799203,-122.2624299,4295642334,37.8798148,-122.2624116
4295642334,37.8798148,-122.2624116,59794888,37.8797243,-122.262381
59794888,37.8797243,-122.262381,239527260,37.8795014,-122.2622462
239527260,37.8795014,-122.2622462,10711420925,37.8794033,-122.2622158
10711420925,37.8794033,-122.2622158,10777610409,37.8793896,-122.2622127
10777610409,37.8793896,-122.2622127,53026099,37.8793219,-122.2621972
4616420905,37.8771654,-122.2626337,11359856604,37.8771726,-122.2625782
11359856604,37.8771726,-122.2625782,4616420904,37.8772322,-122.2621205
5483072335,37.8778824,-122.2600037,5483072334,37.8782282,-122.2600704
5483072339,37.8773481,-122.2614534,5483072338,37.8773408,-122.2615163
5483072338,37.8773408,-122.2615163,5483072337,37.8772084,-122.2614916
5483072337,37.8772084,-122.2614916,5483072336,37.8772342,-122.26127
5483072342,37.877533,-122.260656,5483072341,37.8774702,-122.2611031
5483072345,37.877754,-122.262757,5483072344,37.8777793,-122.2625086
5483072344,37.8777793,-122.2625086,5483072343,37.8779021,-122.2622752
5483072348,37.8797876,-122.2647165,5483072347,37.8798223,-122.2642493
5483072347,37.8798223,-122.2642493,5483072346,37.8799427,-122.2642594
5483072350,37.8796077,-122.2646965,5483072349,37.8796384,-122.2642289
5483072354,37.879576,-122.264693,5483072353,37.8795241,-122.2651405
5483072353,37.8795241,-122.2651405,5483072352,37.8793947,-122.2651284
5483072357,37.8770766,-122.267844,5483072356,37.8771103,-122.267358
5483072360,37.8772265,-122.2671138,5483072359,37.8772944,-122.2671207
5483072359,37.8772944,-122.2671207,5483072358,37.8773233,-122.2667172
5483072365,37.8794143,-122.2669559,5483072364,37.8794582,-122.2665265
5483072364,37.8794582,-122.2665265,5483072363,37.8798181,-122.2665628
5483072363,37.8798181,-122.2665628,5483072362,37.8797619,-122.2669963
7708163961,37.8810893,-122.2683778,10696531555,37.8810878,-122.2683899
10696531555,37.8810878,-122.2683899,5483072369,37.8810598,-122.268667
5483072372,37.8766861,-122.2682336,5884024858,37.8767765,-122.2682436
5884024858,37.8767765,-122.2682436,5483072371,37.8769856,-122.268287
5483072340,37.8776857,-122.2615164,5483072339,37.8773481,-122.2614534
53080872,37.880855,-122.2603387,10777610230,37.8807603,-122.2603266
10777610230,37.8807603,-122.2603266,339928527,37.8807069,-122.2603198
339928527,37.8807069,-122.2603198,59805946,37.8804651,-122.2602918
59805946,37.8804651,-122.2602918,339928526,37.8803797,-122.2602556
339928526,37.8803797,-122.2602556,239511799,37.8803175,-122.2601713
7916648132,37.8782506,-122.2643821,7916648133,37.8782272,-122.2647629
8943317121,37.8799198,-122.2635826,11865787852,37.8799254,-122.2635288
11865787852,37.8799254,-122.2635288,8943317122,37.879939,-122.2633979
8943317122,37.879939,-122.2633979,8943317123,37.8799514,-122.2632811
8943317123,37.8799514,-122.2632811,8943317124,37.8799858,-122.2632188
8943317124,37.8799858,-122.2632188,8943317125,37.8800206,-122.2631833
8943317125,37.8800206,-122.2631833,8943317126,37.8800889,-122.2631877
5483072370,37.8810984,-122.2682943,10696531554,37.8810916,-122.2683548
10696531554,37.8810916,-122.2683548,7708163961,37.8810893,-122.2683778
53080872,37.880855,-122.2603387,10777610215,37.8808825,-122.2602276
10777610215,37.8808825,-122.2602276,53080873,37.8810616,-122.2595053
53080873,37.8810616,-122.2595053,420477600,37.8810816,-122.2594716
53082207,37.8821821,-122.2684131,4238980119,37.8821203,-122.268406
4238980119,37.8821203,-122.268406,5483072370,37.8810984,-122.2682943
5483072370,37.8810984,-122.2682943,2299214182,37.8808911,-122.2682691
2299214182,37.8808911,-122.2682691,4238980094,37.8804333,-122.2682169
4238980094,37.8804333,-122.2682169,53138900,37.8803676,-122.2682083
53096092,37.880235,-122.2692581,4238979988,37.8802433,-122.2691758
4238979988,37.8802433,-122.2691758,2681821366,37.8802924,-122.2687805
2681821366,37.8802924,-122.2687805,4238980092,37.8803558,-122.2682944
4238980092,37.8803558,-122.2682944,53138900,37.8803676,-122.2682083
10725331994,37.8789571,-122.2676359,10725133316,37.8786152,-122.2675739
10725133312,37.8791276,-122.2680696,10725331995,37.8791776,-122.2676601
10777610330,37.8799264,-122.2614628,10777610327,37.8799281,-122.2614479
10777610327,37.8799281,-122.2614479,10777610329,37.8799352,-122.2613881
10777610332,37.8800182,-122.2614846,10777610328,37.88002,-122.261469
10777610328,37.88002,-122.261469,10777610331,37.8800267,-122.2614108
53149317,37.8794662,-122.2610731,4294292352,37.8794034,-122.2610542
4294292352,37.8794034,-122.2610542,6975590860,37.8792772,-122.261027
6975590860,37.8792772,-122.261027,4294292345,37.8786918,-122.260901
4294292345,37.8786918,-122.260901,53062886,37.8786272,-122.2608871
53062886,37.8786272,-122.2608871,4294292342,37.8785688,-122.2608749
4294292342,37.8785688,-122.2608749,6975590861,37.8785507,-122.2608711
6975590861,37.8785507,-122.2608711,4294292337,37.8778603,-122.2607263
4294292337,37.8778603,-122.2607263,53091826,37.8777912,-122.2607118
53091826,37.8777912,-122.2607118,4294292334,37.8777281,-122.2606982
4294292334,37.8777281,-122.2606982,6975590862,37.8775509,-122.2606599
6975590862,37.8775509,-122.2606599,5483072342,37.877533,-122.260656
5483072342,37.877533,-122.260656,4294292324,37.8770187,-122.2605561
4294292324,37.8770187,-122.2605561,53107080,37.8769518,-122.2605419
53107080,37.8769518,-122.2605419,4294292319,37.8768892,-122.2605286
4294292319,37.8768892,-122.2605286,6937913028,37.8768401,-122.2605186
6937913028,37.8768401,-122.2605186,1954704176,37.8764715,-122.2604435
1954704176,37.8764715,-122.2604435,5483224034,37.8763417,-122.2604171
5483224034,37.8763417,-122.2604171,6937913027,37.8762157,-122.2603914
6937913027,37.8762157,-122.2603914,4294292318,37.8760974,-122.2603673
4294292318,37.8760974,-122.2603673,53148316,37.8760315,-122.2603538
53148316,37.8760315,-122.2603538,4294292315,37.8759652,-122.2603402
4294292315,37.8759652,-122.2603402,1281866063,37.8756072,-122.2602582
1281866063,37.8756072,-122.2602582,6937913026,37.8752376,-122.2601863
6937913026,37.8752376,-122.2601863,4188788152,37.8751589,-122.2601712
4188788152,37.8751589,-122.2601712,53055202,37.8750805,-122.260158
10777610370,37.8811475,-122.26258,4295642351,37.8811013,-122.2625704
4295642351,37.8811013,-122.2625704,53026098,37.8810814,-122.2625663
53026099,37.8793219,-122.2621972,10777610404,37.8793255,-122.2621697
10777610404,37.8793255,-122.2621697,4294292353,37.8794552,-122.2611724
4294292353,37.8794552,-122.2611724,53149317,37.8794662,-122.2610731
59794830,37.8790258,-122.264471,11865812584,37.8791367,-122.2636209
11865812584,37.8791367,-122.2636209,11865812609,37.8791413,-122.2635859
11865812609,37.8791413,-122.2635859,53059195,37.879152,-122.2635035
53059195,37.879152,-122.2635035,11865812608,37.8791629,-122.2634214
11865812608,37.8791629,-122.2634214,11865812581,37.8791727,-122.2633476
11865812581,37.8791727,-122.2633476,11865812593,37.8791998,-122.2631428
11865812593,37.8791998,-122.2631428,53059197,37.8792102,-122.2630642
53059197,37.8792102,-122.2630642,11865812594,37.879221,-122.2629792
11865812594,37.879221,-122.2629792,11865812591,37.8792229,-122.2629642
11865812591,37.8792229,-122.2629642,2612218345,37.8792382,-122.2628439
2612218345,37.8792382,-122.2628439,11865812576,37.8793076,-122.2623078
11865812576,37.8793076,-122.2623078,10777610400,37.8793151,-122.26225
10777610400,37.8793151,-122.26225,53026099,37.8793219,-122.2621972
10777610405,37.8792613,-122.2621548,10777610403,37.8792774,-122.2621588
10777610403,37.8792774,-122.2621588,10777610404,37.8793255,-122.2621697
11019548834,37.8791867,-122.2621401,10777610405,37.8792613,-122.2621548
53075887,37.8788598,-122.2657529,4294292348,37.8788703,-122.2656696
4294292348,37.8788703,-122.2656696,53149260,37.8790059,-122.2646302
11865812577,37.8792426,-122.2622958,11865812575,37.8792561,-122.2622983
11865812575,37.8792561,-122.2622983,11865812576,37.8793076,-122.2623078
11865812582,37.8791091,-122.2633373,11865812580,37.879125,-122.2633399
11865812580,37.879125,-122.2633399,11865812581,37.8791727,-122.2633476
11865812585,37.8790737,-122.2636113,11865812583,37.8790885,-122.2636135
11865812583,37.8790885,-122.2636135,11865812584,37.8791367,-122.2636209
11865812590,37.8792764,-122.2630895,11865812589,37.8792574,-122.2630861
11865812589,37.8792574,-122.2630861,53059197,37.8792102,-122.2630642
11865812592,37.8792911,-122.262975,11865812588,37.8792719,-122.2629722
11865812588,37.8792719,-122.2629722,11865812591,37.8792229,-122.2629642
